{"packages/cupertino_icons/assets/CupertinoIcons.ttf":["packages/cupertino_icons/assets/CupertinoIcons.ttf"],"fonts/Pacifico-Regular.ttf":["fonts/Pacifico-Regular.ttf"],"asset/T_Banjamin.png":["asset/T_Banjamin.png"],"asset/T_Charlotte.png":["asset/T_Charlotte.png"],"asset/T_Chris.png":["asset/T_Chris.png"],"asset/T_Faiza.png":["asset/T_Faiza.png"],"asset/T_Laura.png":["asset/T_Laura.png"],"asset/T_Michael_48.png":["asset/T_Michael_48.png"],"asset/T_Navin.png":["asset/T_Navin.png"],"asset/T_Nicola.png":["asset/T_Nicola.png"],"asset/T_Upendra.png":["asset/T_Upendra.png"],"asset/T_Yusuf.png":["asset/T_Yusuf.png"],"asset/T__RichardB.png":["asset/T__RichardB.png"],"asset/T_jeffery.png":["asset/T_jeffery.png"],"asset/T_mitesh.png":["asset/T_mitesh.png"],"asset/T_ranil.png":["asset/T_ranil.png"],"asset/T_richardD.png":["asset/T_richardD.png"],"asset/T_rob.png":["asset/T_rob.png"],"fonts/UniversNextforHSBC-Bold.otf":["fonts/UniversNextforHSBC-Bold.otf"],"fonts/UniversNextforHSBC-Regular.ttf":["fonts/UniversNextforHSBC-Regular.ttf"],"fonts/UniversNextforHSBC-Thin.ttf":["fonts/UniversNextforHSBC-Thin.ttf"],"asset/Untitled-1_03.png":["asset/Untitled-1_03.png"],"asset/Untitled-1_05.png":["asset/Untitled-1_05.png"],"asset/Untitled-1_07.png":["asset/Untitled-1_07.png"],"asset/Untitled-1_12.png":["asset/Untitled-1_12.png"],"asset/Untitled-1_13.png":["asset/Untitled-1_13.png"],"asset/Untitled-1_14.png":["asset/Untitled-1_14.png"],"asset/Who%20We%20Are%20-%20Our%20News.docx%20-%20Shortcut.lnk":["asset/Who%20We%20Are%20-%20Our%20News.docx%20-%20Shortcut.lnk"],"asset/hsbc-logo.png":["asset/hsbc-logo.png"],"packages/open_iconic_flutter/assets/open-iconic.woff":["packages/open_iconic_flutter/assets/open-iconic.woff"],"asset/row1_bg.png":["asset/row1_bg.png"],"asset/row3_01.png":["asset/row3_01.png"],"asset/row3_02.png":["asset/row3_02.png"],"asset/row3_03.png":["asset/row3_03.png"],"asset/row3_04.png":["asset/row3_04.png"],"asset/team_all_in_one.png":["asset/team_all_in_one.png"],"asset/who_we_are_lower_bg.png":["asset/who_we_are_lower_bg.png"],"asset/world_map.png":["asset/world_map.png"]}