{"packages/cupertino_icons/assets/CupertinoIcons.ttf":["packages/cupertino_icons/assets/CupertinoIcons.ttf"],"asset/Our_news_Row1_bg.png":["asset/Our_news_Row1_bg.png"],"fonts/Pacifico-Regular.ttf":["fonts/Pacifico-Regular.ttf"],"asset/Row1_bg.png":["asset/Row1_bg.png"],"fonts/UniversNextforHSBC-Bold.otf":["fonts/UniversNextforHSBC-Bold.otf"],"fonts/UniversNextforHSBC-Regular.ttf":["fonts/UniversNextforHSBC-Regular.ttf"],"fonts/UniversNextforHSBC-Thin.ttf":["fonts/UniversNextforHSBC-Thin.ttf"],"asset/Who%20We%20Are%20-%20Our%20News.docx%20-%20Shortcut.lnk":["asset/Who%20We%20Are%20-%20Our%20News.docx%20-%20Shortcut.lnk"],"asset/hsbc-logo.png":["asset/hsbc-logo.png"],"packages/open_iconic_flutter/assets/open-iconic.woff":["packages/open_iconic_flutter/assets/open-iconic.woff"],"asset/our_news_1.png":["asset/our_news_1.png"],"asset/our_news_2.png":["asset/our_news_2.png"],"asset/our_news_3.png":["asset/our_news_3.png"],"asset/our_news_4.png":["asset/our_news_4.png"],"asset/our_news_5.png":["asset/our_news_5.png"]}