{"packages/cupertino_icons/assets/CupertinoIcons.ttf":["packages/cupertino_icons/assets/CupertinoIcons.ttf"],"asset/Engagement-v9.mp4":["asset/Engagement-v9.mp4"],"asset/Image1.png":["asset/Image1.png"],"asset/LowerBanner.png":["asset/LowerBanner.png"],"asset/News1.png":["asset/News1.png"],"asset/News2.png":["asset/News2.png"],"asset/News3.png":["asset/News3.png"],"fonts/Pacifico-Regular.ttf":["fonts/Pacifico-Regular.ttf"],"asset/RanilPic.png":["asset/RanilPic.png"],"asset/SearchIcon.png":["asset/SearchIcon.png"],"asset/TopBanner.png":["asset/TopBanner.png"],"fonts/UniversNextforHSBC-Bold.otf":["fonts/UniversNextforHSBC-Bold.otf"],"fonts/UniversNextforHSBC-Regular.ttf":["fonts/UniversNextforHSBC-Regular.ttf"],"fonts/UniversNextforHSBC-Thin.ttf":["fonts/UniversNextforHSBC-Thin.ttf"],"asset/Video.png":["asset/Video.png"],"asset/VideoThumnail.png":["asset/VideoThumnail.png"],"asset/Website-%20StyleGuide.png":["asset/Website-%20StyleGuide.png"],"asset/hsbc-logo.png":["asset/hsbc-logo.png"],"asset/landing_ournews_section.PNG":["asset/landing_ournews_section.PNG"],"asset/noel_video.mp4":["asset/noel_video.mp4"],"packages/open_iconic_flutter/assets/open-iconic.woff":["packages/open_iconic_flutter/assets/open-iconic.woff"],"asset/row1_banner.png":["asset/row1_banner.png"],"asset/row3-fg.png":["asset/row3-fg.png"]}